{
  "name": "Vers",
  "author": "JMN",
  "description": "There are two players, each controls a worm. The idea is to have the longest worm. First to 8 points, wins",
  "instructions": [
    "Player 1 uses the arrow keys",
    "Player 2 uses the W, A, S and D keys"
  ],
  "slowdown": 30000,
  "mapping": {
    "0": null,
    "1": "arrow-left",
    "2": "arrow-right",
    "3": null,
    "4": null,
    "5": null,
    "6": null,
    "7": "arrow-up",
    "8": null,
    "9": null,
    "A": "arrow-down",
    "B": "a",
    "C": "w",
    "D": "s",
    "E": null,
    "F": "d"
  }
}