{
  "name": "Ant in search of Coke",
  "author": "Erin S. Catto",
  "description": "Rumours through the grape vine of the local ant community indicate that there is a partially empty Coke. can in Zoom’s room. So far many brave ants have gone in search of the mystic can, yet none have returned. They are feared to be dead. It is your mission as Bink to find a safe path to the Coke can so that others may follow. Bew are, however, for Zoom has set many treacherous obsticles to block you and booby traps to zap you. Bink has only his cool nerves and jumping ability (the only jumping ant in the world) to help him on this journey. Pressing the jump key and the right key simultaneously will help clearing large obsticles. Actually, press the jump key slightly ahead of the right key. Being of little mass, Bink can stop on a dime and change course in mid-air at will. This game has no randomization. Learn the terrain. I take full credit for the design and development of Ant. The game theme is original as far as I know. There are many tricks to getting around Ant. Be aware of spoilers when posting to the net.",
  "instructions": [
    "Use arrow keys to move",
    "Jump using the spacebar"
  ],
  "slowdown": 50000,
  "mapping": {
    "0": null,
    "1": null,
    "2": null,
    "3": "arrow-left",
    "4": null,
    "5": null,
    "6": null,
    "7": null,
    "8": null,
    "9": null,
    "A": "space",
    "B": null,
    "C": "arrow-right",
    "D": null,
    "E": null,
    "F": null
  }
}