{
  "name": "Piper",
  "author": "Paul Raines",
  "description": "You are presented with a 6 row, 10 column grid and a preview panel of 5 pipes. A starting pipe will be placed on the grid and will in a few seconds start leaking. The object is to lay pipes on the grid to contain the leak as long as you can. If the water flows onto a empty grid site, onto the side of another pipe or border, that plumbing job is finished. If you did well enough, you may get another job. Otherwise the game is over.",
  "instructions": [
    "Use arrow keys to move the selector",
    "Place a pipe using the spacebar",
    "Use F to make the water flow faster",
    "You receive 3 points for every pipe the water flows through",
    "For crossed pipes you get 6 points if you fill it in both directions",
    "Replacing a pipe penalizes you in one point",
    "The number of points to go to the next level is 100-(41-4*level)",
    "Don't let the water flow reach you"
  ],
  "slowdown": 65000,
  "mapping": {
    "0": null,
    "1": "space",
    "2": null,
    "3": "arrow-up",
    "4": null,
    "5": null,
    "6": "arrow-down",
    "7": "arrow-left",
    "8": "arrow-right",
    "9": null,
    "A": null,
    "B": null,
    "C": null,
    "D": null,
    "E": null,
    "F": "f"
  }
}