{
  "name": "Tic-Tac-Toe",
  "author": "David Winter",
  "description": "A tic-tac-toe game. Each key corresponds to a square in the grid. The game never ends, so at any time, the winner is the one who has the best score",
  "instructions": [
    "Use keys Q, W, E, A, S, D, Z, X and C to select a square"
  ],
  "slowdown": 65000,
  "mapping": {
    "0": null,
    "1": "q",
    "2": "w",
    "3": "e",
    "4": "a",
    "5": "s",
    "6": "d",
    "7": "z",
    "8": "x",
    "9": "c",
    "A": null,
    "B": null,
    "C": null,
    "D": null,
    "E": null,
    "F": null
  }
}