{
  "name": "Blinky (S-Chip)",
  "author": "Christian Egeberg",
  "description": "Blinky is a PacMan game for the Chip8. As Blinky, you are chased around in an office environment by two bosses, Packlett and Heward. Packlett does management by walking around, but Heward believes in the American dream, and possesses quite a killer instinct. Anyway, don’t let them get to you, unless you are feeling very aspirant. This, of course, requires the recent fulfilment of one of four major contracts, found near the corners of the building. Otherwise, the office is filled with small tasks, just waiting for your attention. If you manage to take care of them all, your intray will overflow, just over weekend. This is the curse of any responsible and hard working employee. However, neither boss know of the emergency exit which leads from one part of the office to the other, so this may be one way to avoid them, if everything else fails. As in most decent companies, you are givenachance to clear up the mess of your first blunder. The second time on the rug... off you go. There is a small comfort in that the recommendation reflects how well you did.",
  "instructions": [
    "Use arrow keys to move",
    "Use spacebar to reset",
    "Recommendation points are awarded as follows:",
    "0 points Make use of the emergency exit",
    "1 point Take care of a minor task",
    "4 points Negotiate a major contract",
    "25 points Show Heward a recently fulfiled contract",
    "50 points Show Packlett a recently fulfiled contract",
    "100 points Clear the office environment from tasks"
  ],
  "slowdown": 65000,
  "mapping": {
    "0": null,
    "1": "spacebar",
    "2": null,
    "3": "arrow-up",
    "4": null,
    "5": null,
    "6": "arrow-down",
    "7": "arrow-left",
    "8": "arrow-right",
    "9": null,
    "A": null,
    "B": null,
    "C": null,
    "D": null,
    "E": null,
    "F": null
  }
}