{
  "name": "Joust",
  "author": "Erin S Catto",
  "description": "Hoorah! Hoorah! Here it is, the latest CHIP48 game; my rendition of the arcade game Joust. The blank dots in the bottom left corner indicate the number of players left, not including the current player. Sorry, no bonus guys. Maybe in the future. At the score screen press A to replay. If you feel the game is slow, then wait until you get to level 7! The levels roll over at 15, I think. I hav en’t gotten that far! Therefore there maybe unseen bugs. The game is novel. I’m not sure of its lasting qualities.",
  "instructions": [
    "Use arrow keys to move",
    "Use spacebar to restart (on score screen)",
    "1 point per egg touched",
    "8 points for clearing bonus round",
    "1 player for clearing bonus round"
  ],
  "slowdown": 0,
  "mapping": {
    "0": null,
    "1": null,
    "2": null,
    "3": "arrow-left",
    "4": null,
    "5": null,
    "6": null,
    "7": null,
    "8": null,
    "9": null,
    "A": "space",
    "B": null,
    "C": "arrow-right",
    "D": null,
    "E": null,
    "F": null
  }
}