{
  "name": "Tetris",
  "author": "Fran Dachille",
  "description": "Guess what this game is... I’m sure you don’t need the rules. If you do, please ask your friends.",
  "instructions": [
    "Use left and right arrows to move",
    "Use down arrow to drop piece",
    "Use up arrow to rotate"
  ],
  "slowdown": 65000,
  "mapping": {
    "0": null,
    "1": null,
    "2": null,
    "3": null,
    "4": "arrow-up",
    "5": "arrow-left",
    "6": "arrow-right",
    "7": "arrow-down",
    "8": null,
    "9": null,
    "A": null,
    "B": null,
    "C": null,
    "D": null,
    "E": null,
    "F": null
  }
}