{
  "name": "Merlin",
  "author": "David Winter",
  "description": "This is the Simon game. The goal is to remember in which order the squares are lighted. The game begins by lighting 4 random squares, and then asks you to light the squares in the correct order. You win a level when you give the exact order, and each increasing level shows a additionnal square. The game ends when you light an incorrect square. Ke ys are 4 and 5 for the two upper squares, then 7 and 8 for the two lower ones.",
  "instructions": [
    "Use the Q, W, A and S keys"
  ],
  "slowdown": 65000,
  "mapping": {
    "0": null,
    "1": null,
    "2": null,
    "3": null,
    "4": "q",
    "5": "w",
    "6": null,
    "7": "a",
    "8": "s",
    "9": null,
    "A": null,
    "B": null,
    "C": null,
    "D": null,
    "E": null,
    "F": null
  }
}